node_name,property_name,property_value
1,型号,01A
1,材料,合金钢
1,重量,4g
2,型号,88B
2,材料,合金钢
2,重量,1.5g
5,型号,X12J
5,材料,混合材料
5,重量,150kg
6,型号,JH87
6,材料,混合材料
6,重量,60kg
7,出生日期,1998.11.1
7,年龄,26.0
7,性别,男
7,联系方式,1.8888888888E10
7,员工编号,000001
8,出生日期,1996.9.1
8,年龄,28.0
8,性别,男
8,联系方式,1.7777777777E10
8,员工编号,000012
9,出生日期,1998.1.1
9,年龄,26.0
9,性别,女
9,联系方式,1.5555555555E10
9,员工编号,000007
10,出生日期,1987.6.20
10,年龄,37.0
10,性别,男
10,联系方式,1.9999999999E10
10,员工编号,000021
